<?xml version="1.0" encoding="UTF-8"?>
<tour start="node10" appversion="6.1.14" apprev="18105">
  <panorama id="node10">
    <input height="1040" levelbias="0.400" leveltileurl="tiles/node10/cf_%c/l_%l/c_%x/tile_%y.jpg" levelingpitch="0" overlap="1" width="1040" levelingroll="0" leveltilesize="510" levelbiashidpi="1.000">
      <level height="1040" width="1040" predecode="0" preload="0"/>
      <level height="520" width="520" predecode="0" preload="0"/>
      <level height="260" width="260" predecode="1" preload="1"/>
      <preview color="0x808080" strip="1"/>
    </input>
    <view fovmode="0" pannorth="0">
      <start fov="70" projection="4" tilt="0" pan="0"/>
      <flyin fov="170" projection="9" tilt="-90" pan="0"/>
      <min fovpixel="2" tilt="-90" pan="0"/>
      <max fov="120" fovfisheye="360" tilt="90" pan="360" scaletofit="1" fovstereographic="270"/>
    </view>
    <userdata info="" source="" latitude="" author="" datetime="" customnodeid="" heading="0" title="" description="" copyright="" longitude="" tags="Pano Museum" nodeid="node10" comment=""/>
    <hotspots height="20" width="180" wordwrap="1">
      <label enabled="1" height="20" textcolor="0x000000" backgroundcolor="0xffffff" background="1" width="180" backgroundalpha="1" bordercolor="0x000000" textalpha="1" borderalpha="1" borderradius="1" wordwrap="1" border="1"/>
      <polystyle backgroundcolor="0x0000ff" backgroundalpha="0.25098" bordercolor="0x0000ff" handcursor="1" borderalpha="1" mode="0"/>
      <hotspot id="Point01" distance3D="10303.8" customimage="media/dir arrow.png" customimageheight="1080" fov="6" customimagewidth="1080" tilt="-4.35" url="{node1}" target="" use3D="1" pan="-10.13" title="" description="" skinid="ht_node"/>
    </hotspots>
    <media/>
    <transition enabled="1" softedge="0" blendcolor="0x000000" type="crossdissolve" zoomoutpause="1" zoomfov="20" zoomspeed="2" blendtime="1" zoomafteroutfov="20" zoomout="0" zoomafterinfov="90" zoomin="0"/>
    <animation animsequence="Animation01" syncanimationwithvideo="0" useinautorotation="0"/>
    <control lockedkeyboard="0" invertcontrol="1" lockedkeyboardzoom="0" rubberband="0" hideabout="0" dblclickfullscreen="0" simulatemass="1" contextvr="1" contextprojections="0" invertwheel="0" lockedwheel="0" speedwheel="1" lockedmouse="0" sensitivity="8" contextfullscreen="1"/>
  </panorama>
  <panorama id="node1">
    <input height="1040" levelbias="0.400" leveltileurl="tiles/node1/cf_%c/l_%l/c_%x/tile_%y.jpg" levelingpitch="0" overlap="1" width="1040" levelingroll="0" leveltilesize="510" levelbiashidpi="1.000">
      <level height="1040" width="1040" predecode="0" preload="0"/>
      <level height="520" width="520" predecode="0" preload="0"/>
      <level height="260" width="260" predecode="1" preload="1"/>
      <preview color="0x808080" strip="1"/>
    </input>
    <view fovmode="0" pannorth="0">
      <start fov="70" projection="4" tilt="0" pan="0"/>
      <flyin fov="170" projection="9" tilt="-90" pan="0"/>
      <min fovpixel="2" tilt="-90" pan="0"/>
      <max fov="120" fovfisheye="360" tilt="90" pan="360" scaletofit="1" fovstereographic="270"/>
    </view>
    <userdata info="" source="" latitude="" author="" datetime="" customnodeid="" heading="0" title="" description="" copyright="" longitude="" tags="Pano Museum" nodeid="node1" comment=""/>
    <hotspots height="20" width="180" wordwrap="1">
      <label enabled="1" height="20" textcolor="0x000000" backgroundcolor="0xffffff" background="1" width="180" backgroundalpha="1" bordercolor="0x000000" textalpha="1" borderalpha="1" borderradius="1" wordwrap="1" border="1"/>
      <polystyle backgroundcolor="0x0000ff" backgroundalpha="0.25098" bordercolor="0x0000ff" handcursor="1" borderalpha="1" mode="0"/>
      <hotspot id="Point01" distance3D="10303.8" customimage="media/dir arrow.png" customimageheight="1080" fov="6" customimagewidth="1080" tilt="-11.59" url="{node12}" target="" use3D="1" pan="-102.18" title="" description="" skinid="ht_node"/>
      <hotspot id="Point02" distance3D="10303.8" customimage="media/dir arrow.png" customimageheight="1080" fov="6" customimagewidth="1080" tilt="-15.21" url="{node10}" target="$fwd" use3D="1" pan="-203.21" title="" description="" skinid="ht_node"/>
      <hotspot id="Point03" distance3D="10303.8" customimage="media/dir arrow.png" customimageheight="1080" fov="6" customimagewidth="1080" tilt="-9.57" url="{node8}" target="" use3D="1" pan="-306.37" title="" description="" skinid="ht_node"/>
    </hotspots>
    <media/>
    <transition enabled="1" softedge="0" blendcolor="0x000000" type="crossdissolve" zoomoutpause="1" zoomfov="20" zoomspeed="2" blendtime="1" zoomafteroutfov="20" zoomout="0" zoomafterinfov="90" zoomin="0"/>
    <animation animsequence="Animation01" syncanimationwithvideo="0" useinautorotation="0"/>
    <control lockedkeyboard="0" invertcontrol="1" lockedkeyboardzoom="0" rubberband="0" hideabout="0" dblclickfullscreen="0" simulatemass="1" contextvr="1" contextprojections="0" invertwheel="0" lockedwheel="0" speedwheel="1" lockedmouse="0" sensitivity="8" contextfullscreen="1"/>
  </panorama>
  <panorama id="node12">
    <input height="1040" levelbias="0.400" leveltileurl="tiles/node12/cf_%c/l_%l/c_%x/tile_%y.jpg" levelingpitch="0" overlap="1" width="1040" levelingroll="0" leveltilesize="510" levelbiashidpi="1.000">
      <level height="1040" width="1040" predecode="0" preload="0"/>
      <level height="520" width="520" predecode="0" preload="0"/>
      <level height="260" width="260" predecode="1" preload="1"/>
      <preview color="0x808080" strip="1"/>
    </input>
    <view fovmode="0" pannorth="0">
      <start fov="70" projection="4" tilt="0" pan="0"/>
      <flyin fov="170" projection="9" tilt="-90" pan="0"/>
      <min fovpixel="2" tilt="-90" pan="0"/>
      <max fov="120" fovfisheye="360" tilt="90" pan="360" scaletofit="1" fovstereographic="270"/>
    </view>
    <userdata info="" source="" latitude="" author="" datetime="" customnodeid="" heading="0" title="" description="" copyright="" longitude="" tags="Pano Museum" nodeid="node12" comment=""/>
    <hotspots height="20" width="180" wordwrap="1">
      <label enabled="1" height="20" textcolor="0x000000" backgroundcolor="0xffffff" background="1" width="180" backgroundalpha="1" bordercolor="0x000000" textalpha="1" borderalpha="1" borderradius="1" wordwrap="1" border="1"/>
      <polystyle backgroundcolor="0x0000ff" backgroundalpha="0.25098" bordercolor="0x0000ff" handcursor="1" borderalpha="1" mode="0"/>
      <hotspot id="Point01" distance3D="10303.8" customimage="media/dir arrow.png" customimageheight="1080" fov="6" customimagewidth="1080" tilt="-11.27" url="{node3}" target="" use3D="1" pan="-17.05" title="" description="" skinid="ht_node"/>
      <hotspot id="Point02" distance3D="10303.8" customimage="media/dir arrow.png" customimageheight="1080" fov="6" customimagewidth="1080" tilt="-21.45" url="{node1}" target="$fwd" use3D="1" pan="-272.81" title="" description="" skinid="ht_node"/>
      <hotspot id="Point03" tilt="-34.33" url="images/kamput_5.jpg" target="" pan="-213.57" title="Altar Pemujaan" description="" skinid="ht_image"/>
      <hotspot id="Point04" tilt="-33.82" url="images/kamput_6.jpg" target="" pan="-161.82" title="Lingga-Yoni" description="" skinid="ht_image"/>
      <hotspot id="Point05" tilt="-2.18" url="images/kamput_7.jpg" target="_top" pan="-290.75" title="Arca Pancuran" description="" skinid="ht_image"/>
      <hotspot id="Point06" tilt="0.83" url="images/kamput_10.jpg" target="" pan="-304.37" title="Arca Ganesha" description="" skinid="ht_image"/>
      <hotspot id="Point07" tilt="-23.45" url="images/kamput_14.jpg" target="" pan="-54.2" title="Prasasti Gesikan" description="" skinid="ht_image"/>
      <hotspot id="Point08" tilt="-18.2" url="images/kamput_9.jpg" target="" pan="-332.93" title="Arca Nandi" description="" skinid="ht_image"/>
      <hotspot id="Point09" tilt="-15.63" url="images/kamput_13.jpg" target="" pan="-37.72" title="Lumpang" description="" skinid="ht_image"/>
      <hotspot id="Point10" tilt="-9.21" url="images/kamput_17.jpg" target="" pan="-33.14" title="Nampan" description="" skinid="ht_image"/>
      <hotspot id="Point11" tilt="-11.89" url="images/kamput_11.jpg" target="" pan="-351.94" title="Peripih" description="" skinid="ht_image"/>
      <hotspot id="Point13" tilt="-15.25" url="images/kamput_12.jpg" target="" pan="-343.46" title="Arca Buddha Kasobhya" description="" skinid="ht_image"/>
      <hotspot id="Point12" tilt="-39.77" url="images/kamput_15.jpg" target="" pan="-73.13" title="Fragmen Arca" description="" skinid="ht_image"/>
    </hotspots>
    <media/>
    <transition enabled="1" softedge="0" blendcolor="0x000000" type="crossdissolve" zoomoutpause="1" zoomfov="20" zoomspeed="2" blendtime="1" zoomafteroutfov="20" zoomout="0" zoomafterinfov="90" zoomin="0"/>
    <animation animsequence="Animation01" syncanimationwithvideo="0" useinautorotation="0"/>
    <control lockedkeyboard="0" invertcontrol="1" lockedkeyboardzoom="0" rubberband="0" hideabout="0" dblclickfullscreen="0" simulatemass="1" contextvr="1" contextprojections="0" invertwheel="0" lockedwheel="0" speedwheel="1" lockedmouse="0" sensitivity="8" contextfullscreen="1"/>
  </panorama>
  <panorama id="node3">
    <input height="1040" levelbias="0.400" leveltileurl="tiles/node3/cf_%c/l_%l/c_%x/tile_%y.jpg" levelingpitch="0" overlap="1" width="1040" levelingroll="0" leveltilesize="510" levelbiashidpi="1.000">
      <level height="1040" width="1040" predecode="0" preload="0"/>
      <level height="520" width="520" predecode="0" preload="0"/>
      <level height="260" width="260" predecode="1" preload="1"/>
      <preview color="0x808080" strip="1"/>
    </input>
    <view fovmode="0" pannorth="0">
      <start fov="70" projection="4" tilt="0" pan="0"/>
      <flyin fov="170" projection="9" tilt="-90" pan="0"/>
      <min fovpixel="2" tilt="-90" pan="0"/>
      <max fov="120" fovfisheye="360" tilt="90" pan="360" scaletofit="1" fovstereographic="270"/>
    </view>
    <userdata info="" source="" latitude="" author="" datetime="" customnodeid="" heading="0" title="" description="" copyright="" longitude="" tags="Pano Museum" nodeid="node3" comment=""/>
    <hotspots height="20" width="180" wordwrap="1">
      <label enabled="1" height="20" textcolor="0x000000" backgroundcolor="0xffffff" background="1" width="180" backgroundalpha="1" bordercolor="0x000000" textalpha="1" borderalpha="1" borderradius="1" wordwrap="1" border="1"/>
      <polystyle backgroundcolor="0x0000ff" backgroundalpha="0.25098" bordercolor="0x0000ff" handcursor="1" borderalpha="1" mode="0"/>
      <hotspot id="Point01" distance3D="10303.8" customimage="media/dir arrow.png" customimageheight="1080" fov="6" customimagewidth="1080" tilt="-13.36" url="{node4}" target="" use3D="1" pan="-15.68" title="" description="" skinid="ht_node"/>
      <hotspot id="Point02" distance3D="10303.8" customimage="media/dir arrow.png" customimageheight="1080" fov="6" customimagewidth="1080" tilt="-10.01" url="{node12}" target="" use3D="1" pan="-205.34" title="" description="" skinid="ht_node"/>
      <hotspot id="Point03" tilt="-39.54" url="images/kamput_20.jpg" target="" pan="-32.3" title="Jangkar" description="" skinid="ht_image"/>
      <hotspot id="Point04" tilt="-6.3" url="images/kamput_21.jpg" target="" pan="-276.94" title="Keramik Asing" description="" skinid="ht_image"/>
      <hotspot id="Point05" tilt="-27.34" url="images/kamput_22.jpg" target="" pan="-275.8" title="Keramik Cina" description="" skinid="ht_image"/>
      <hotspot id="Point06" tilt="-23.13" url="images/kamput_23.jpg" target="" pan="-259.98" title="Botol Merkuri" description="" skinid="ht_image"/>
      <hotspot id="Point07" tilt="-27.07" url="images/kamput_19.jpg" target="" pan="-120.74" title="Pedang Pasukan Mongol" description="" skinid="ht_image"/>
    </hotspots>
    <media/>
    <transition enabled="1" softedge="0" blendcolor="0x000000" type="crossdissolve" zoomoutpause="1" zoomfov="20" zoomspeed="2" blendtime="1" zoomafteroutfov="20" zoomout="0" zoomafterinfov="90" zoomin="0"/>
    <animation animsequence="Animation01" syncanimationwithvideo="0" useinautorotation="0"/>
    <control lockedkeyboard="0" invertcontrol="1" lockedkeyboardzoom="0" rubberband="0" hideabout="0" dblclickfullscreen="0" simulatemass="1" contextvr="1" contextprojections="0" invertwheel="0" lockedwheel="0" speedwheel="1" lockedmouse="0" sensitivity="8" contextfullscreen="1"/>
  </panorama>
  <panorama id="node4">
    <input height="1040" levelbias="0.400" leveltileurl="tiles/node4/cf_%c/l_%l/c_%x/tile_%y.jpg" levelingpitch="0" overlap="1" width="1040" levelingroll="0" leveltilesize="510" levelbiashidpi="1.000">
      <level height="1040" width="1040" predecode="0" preload="0"/>
      <level height="520" width="520" predecode="0" preload="0"/>
      <level height="260" width="260" predecode="1" preload="1"/>
      <preview color="0x808080" strip="1"/>
    </input>
    <view fovmode="0" pannorth="0">
      <start fov="70" projection="4" tilt="0" pan="0"/>
      <flyin fov="170" projection="9" tilt="-90" pan="0"/>
      <min fovpixel="2" tilt="-90" pan="0"/>
      <max fov="120" fovfisheye="360" tilt="90" pan="360" scaletofit="1" fovstereographic="270"/>
    </view>
    <userdata info="" source="" latitude="" author="" datetime="" customnodeid="" heading="0" title="" description="" copyright="" longitude="" tags="Pano Museum" nodeid="node4" comment=""/>
    <hotspots height="20" width="180" wordwrap="1">
      <label enabled="1" height="20" textcolor="0x000000" backgroundcolor="0xffffff" background="1" width="180" backgroundalpha="1" bordercolor="0x000000" textalpha="1" borderalpha="1" borderradius="1" wordwrap="1" border="1"/>
      <polystyle backgroundcolor="0x0000ff" backgroundalpha="0.25098" bordercolor="0x0000ff" handcursor="1" borderalpha="1" mode="0"/>
      <hotspot id="Point01" distance3D="10303.8" customimage="media/dir arrow.png" customimageheight="1080" fov="6" customimagewidth="1080" tilt="-17.96" url="{node13}" target="" use3D="1" pan="-305.76" title="" description="" skinid="ht_node"/>
      <hotspot id="Point02" distance3D="10303.8" customimage="media/dir arrow.png" customimageheight="1080" fov="6" customimagewidth="1080" tilt="-12.87" url="{node3}" target="" use3D="1" pan="-208.58" title="" description="" skinid="ht_node"/>
      <hotspot id="Point03" tilt="-4.13" url="images/kamput_24.jpg" target="" pan="-242.85" title="" description="" skinid="ht_image"/>
    </hotspots>
    <media/>
    <transition enabled="1" softedge="0" blendcolor="0x000000" type="crossdissolve" zoomoutpause="1" zoomfov="20" zoomspeed="2" blendtime="1" zoomafteroutfov="20" zoomout="0" zoomafterinfov="90" zoomin="0"/>
    <animation animsequence="Animation01" syncanimationwithvideo="0" useinautorotation="0"/>
    <control lockedkeyboard="0" invertcontrol="1" lockedkeyboardzoom="0" rubberband="0" hideabout="0" dblclickfullscreen="0" simulatemass="1" contextvr="1" contextprojections="0" invertwheel="0" lockedwheel="0" speedwheel="1" lockedmouse="0" sensitivity="8" contextfullscreen="1"/>
  </panorama>
  <panorama id="node13">
    <input height="1040" levelbias="0.400" leveltileurl="tiles/node13/cf_%c/l_%l/c_%x/tile_%y.jpg" levelingpitch="0" overlap="1" width="1040" levelingroll="0" leveltilesize="510" levelbiashidpi="1.000">
      <level height="1040" width="1040" predecode="0" preload="0"/>
      <level height="520" width="520" predecode="0" preload="0"/>
      <level height="260" width="260" predecode="1" preload="1"/>
      <preview color="0x808080" strip="1"/>
    </input>
    <view fovmode="0" pannorth="0">
      <start fov="70" projection="4" tilt="0" pan="0"/>
      <flyin fov="170" projection="9" tilt="-90" pan="0"/>
      <min fovpixel="2" tilt="-90" pan="0"/>
      <max fov="120" fovfisheye="360" tilt="90" pan="360" scaletofit="1" fovstereographic="270"/>
    </view>
    <userdata info="" source="" latitude="" author="" datetime="" customnodeid="" heading="0" title="" description="" copyright="" longitude="" tags="Pano Museum" nodeid="node13" comment=""/>
    <hotspots height="20" width="180" wordwrap="1">
      <label enabled="1" height="20" textcolor="0x000000" backgroundcolor="0xffffff" background="1" width="180" backgroundalpha="1" bordercolor="0x000000" textalpha="1" borderalpha="1" borderradius="1" wordwrap="1" border="1"/>
      <polystyle backgroundcolor="0x0000ff" backgroundalpha="0.25098" bordercolor="0x0000ff" handcursor="1" borderalpha="1" mode="0"/>
      <hotspot id="Point01" distance3D="10303.8" customimage="media/dir arrow.png" customimageheight="1080" fov="6" customimagewidth="1080" tilt="-10.21" url="{node2}" target="" use3D="1" pan="-202.18" title="" description="" skinid="ht_node"/>
      <hotspot id="Point02" distance3D="10303.8" customimage="media/dir arrow.png" customimageheight="1080" fov="6" customimagewidth="1080" tilt="-14.45" url="{node9}" target="" use3D="1" pan="-269.32" title="" description="" skinid="ht_node"/>
      <hotspot id="Point03" distance3D="10303.8" customimage="media/dir arrow.png" customimageheight="1080" fov="6" customimagewidth="1080" tilt="-16.91" url="{node4}" target="" use3D="1" pan="-112.64" title="" description="" skinid="ht_node"/>
    </hotspots>
    <media/>
    <transition enabled="1" softedge="0" blendcolor="0x000000" type="crossdissolve" zoomoutpause="1" zoomfov="20" zoomspeed="2" blendtime="1" zoomafteroutfov="20" zoomout="0" zoomafterinfov="90" zoomin="0"/>
    <animation animsequence="Animation01" syncanimationwithvideo="0" useinautorotation="0"/>
    <control lockedkeyboard="0" invertcontrol="1" lockedkeyboardzoom="0" rubberband="0" hideabout="0" dblclickfullscreen="0" simulatemass="1" contextvr="1" contextprojections="0" invertwheel="0" lockedwheel="0" speedwheel="1" lockedmouse="0" sensitivity="8" contextfullscreen="1"/>
  </panorama>
  <panorama id="node2">
    <input height="1040" levelbias="0.400" leveltileurl="tiles/node2/cf_%c/l_%l/c_%x/tile_%y.jpg" levelingpitch="0" overlap="1" width="1040" levelingroll="0" leveltilesize="510" levelbiashidpi="1.000">
      <level height="1040" width="1040" predecode="0" preload="0"/>
      <level height="520" width="520" predecode="0" preload="0"/>
      <level height="260" width="260" predecode="1" preload="1"/>
      <preview color="0x808080" strip="1"/>
    </input>
    <view fovmode="0" pannorth="0">
      <start fov="70" projection="4" tilt="0" pan="0"/>
      <flyin fov="170" projection="9" tilt="-90" pan="0"/>
      <min fovpixel="2" tilt="-90" pan="0"/>
      <max fov="120" fovfisheye="360" tilt="90" pan="360" scaletofit="1" fovstereographic="270"/>
    </view>
    <userdata info="" source="" latitude="" author="" datetime="" customnodeid="" heading="0" title="" description="" copyright="" longitude="" tags="Pano Museum" nodeid="node2" comment=""/>
    <hotspots height="20" width="180" wordwrap="1">
      <label enabled="1" height="20" textcolor="0x000000" backgroundcolor="0xffffff" background="1" width="180" backgroundalpha="1" bordercolor="0x000000" textalpha="1" borderalpha="1" borderradius="1" wordwrap="1" border="1"/>
      <polystyle backgroundcolor="0x0000ff" backgroundalpha="0.25098" bordercolor="0x0000ff" handcursor="1" borderalpha="1" mode="0"/>
      <hotspot id="Point01" distance3D="10303.8" customimage="media/dir arrow.png" customimageheight="1080" fov="6" customimagewidth="1080" tilt="-17.51" url="{node5}" target="" use3D="1" pan="-280.99" title="" description="" skinid="ht_node"/>
      <hotspot id="Point02" distance3D="10303.8" customimage="media/dir arrow.png" customimageheight="1080" fov="6" customimagewidth="1080" tilt="-10.82" url="{node13}" target="" use3D="1" pan="-15.12" title="" description="" skinid="ht_node"/>
    </hotspots>
    <media/>
    <transition enabled="1" softedge="0" blendcolor="0x000000" type="crossdissolve" zoomoutpause="1" zoomfov="20" zoomspeed="2" blendtime="1" zoomafteroutfov="20" zoomout="0" zoomafterinfov="90" zoomin="0"/>
    <animation animsequence="Animation01" syncanimationwithvideo="0" useinautorotation="0"/>
    <control lockedkeyboard="0" invertcontrol="1" lockedkeyboardzoom="0" rubberband="0" hideabout="0" dblclickfullscreen="0" simulatemass="1" contextvr="1" contextprojections="0" invertwheel="0" lockedwheel="0" speedwheel="1" lockedmouse="0" sensitivity="8" contextfullscreen="1"/>
  </panorama>
  <panorama id="node5">
    <input height="1040" levelbias="0.400" leveltileurl="tiles/node5/cf_%c/l_%l/c_%x/tile_%y.jpg" levelingpitch="0" overlap="1" width="1040" levelingroll="0" leveltilesize="510" levelbiashidpi="1.000">
      <level height="1040" width="1040" predecode="0" preload="0"/>
      <level height="520" width="520" predecode="0" preload="0"/>
      <level height="260" width="260" predecode="1" preload="1"/>
      <preview color="0x808080" strip="1"/>
    </input>
    <view fovmode="0" pannorth="0">
      <start fov="70" projection="4" tilt="0" pan="0"/>
      <flyin fov="170" projection="9" tilt="-90" pan="0"/>
      <min fovpixel="2" tilt="-90" pan="0"/>
      <max fov="120" fovfisheye="360" tilt="90" pan="360" scaletofit="1" fovstereographic="270"/>
    </view>
    <userdata info="" source="" latitude="" author="" datetime="" customnodeid="" heading="0" title="" description="" copyright="" longitude="" tags="Pano Museum" nodeid="node5" comment=""/>
    <hotspots height="20" width="180" wordwrap="1">
      <label enabled="1" height="20" textcolor="0x000000" backgroundcolor="0xffffff" background="1" width="180" backgroundalpha="1" bordercolor="0x000000" textalpha="1" borderalpha="1" borderradius="1" wordwrap="1" border="1"/>
      <polystyle backgroundcolor="0x0000ff" backgroundalpha="0.25098" bordercolor="0x0000ff" handcursor="1" borderalpha="1" mode="0"/>
      <hotspot id="Point01" distance3D="10303.8" customimage="media/dir arrow.png" customimageheight="1080" fov="6" customimagewidth="1080" tilt="-15.48" url="{node9}" target="" use3D="1" pan="-17.89" title="" description="" skinid="ht_node"/>
      <hotspot id="Point02" distance3D="10303.8" customimage="media/dir arrow.png" customimageheight="1080" fov="6" customimagewidth="1080" tilt="-18.42" url="{node2}" target="" use3D="1" pan="-130.25" title="" description="" skinid="ht_node"/>
    </hotspots>
    <media/>
    <transition enabled="1" softedge="0" blendcolor="0x000000" type="crossdissolve" zoomoutpause="1" zoomfov="20" zoomspeed="2" blendtime="1" zoomafteroutfov="20" zoomout="0" zoomafterinfov="90" zoomin="0"/>
    <animation animsequence="Animation01" syncanimationwithvideo="0" useinautorotation="0"/>
    <control lockedkeyboard="0" invertcontrol="1" lockedkeyboardzoom="0" rubberband="0" hideabout="0" dblclickfullscreen="0" simulatemass="1" contextvr="1" contextprojections="0" invertwheel="0" lockedwheel="0" speedwheel="1" lockedmouse="0" sensitivity="8" contextfullscreen="1"/>
  </panorama>
  <panorama id="node9">
    <input height="1040" levelbias="0.400" leveltileurl="tiles/node9/cf_%c/l_%l/c_%x/tile_%y.jpg" levelingpitch="0" overlap="1" width="1040" levelingroll="0" leveltilesize="510" levelbiashidpi="1.000">
      <level height="1040" width="1040" predecode="0" preload="0"/>
      <level height="520" width="520" predecode="0" preload="0"/>
      <level height="260" width="260" predecode="1" preload="1"/>
      <preview color="0x808080" strip="1"/>
    </input>
    <view fovmode="0" pannorth="0">
      <start fov="70" projection="4" tilt="0" pan="0"/>
      <flyin fov="170" projection="9" tilt="-90" pan="0"/>
      <min fovpixel="2" tilt="-90" pan="0"/>
      <max fov="120" fovfisheye="360" tilt="90" pan="360" scaletofit="1" fovstereographic="270"/>
    </view>
    <userdata info="" source="" latitude="" author="" datetime="" customnodeid="" heading="0" title="" description="" copyright="" longitude="" tags="Pano Museum" nodeid="node9" comment=""/>
    <hotspots height="20" width="180" wordwrap="1">
      <label enabled="1" height="20" textcolor="0x000000" backgroundcolor="0xffffff" background="1" width="180" backgroundalpha="1" bordercolor="0x000000" textalpha="1" borderalpha="1" borderradius="1" wordwrap="1" border="1"/>
      <polystyle backgroundcolor="0x0000ff" backgroundalpha="0.25098" bordercolor="0x0000ff" handcursor="1" borderalpha="1" mode="0"/>
      <hotspot id="Point01" distance3D="10303.8" customimage="media/dir arrow.png" customimageheight="1080" fov="6" customimagewidth="1080" tilt="-13.37" url="{node5}" target="" use3D="1" pan="-194.02" title="" description="" skinid="ht_node"/>
      <hotspot id="Point02" distance3D="10303.8" customimage="media/dir arrow.png" customimageheight="1080" fov="6" customimagewidth="1080" tilt="-19.93" url="{node7}" target="" use3D="1" pan="-276.57" title="" description="" skinid="ht_node"/>
    </hotspots>
    <media/>
    <transition enabled="1" softedge="0" blendcolor="0x000000" type="crossdissolve" zoomoutpause="1" zoomfov="20" zoomspeed="2" blendtime="1" zoomafteroutfov="20" zoomout="0" zoomafterinfov="90" zoomin="0"/>
    <animation animsequence="Animation01" syncanimationwithvideo="0" useinautorotation="0"/>
    <control lockedkeyboard="0" invertcontrol="1" lockedkeyboardzoom="0" rubberband="0" hideabout="0" dblclickfullscreen="0" simulatemass="1" contextvr="1" contextprojections="0" invertwheel="0" lockedwheel="0" speedwheel="1" lockedmouse="0" sensitivity="8" contextfullscreen="1"/>
  </panorama>
  <panorama id="node7">
    <input height="1040" levelbias="0.400" leveltileurl="tiles/node7/cf_%c/l_%l/c_%x/tile_%y.jpg" levelingpitch="0" overlap="1" width="1040" levelingroll="0" leveltilesize="510" levelbiashidpi="1.000">
      <level height="1040" width="1040" predecode="0" preload="0"/>
      <level height="520" width="520" predecode="0" preload="0"/>
      <level height="260" width="260" predecode="1" preload="1"/>
      <preview color="0x808080" strip="1"/>
    </input>
    <view fovmode="0" pannorth="0">
      <start fov="70" projection="4" tilt="0" pan="0"/>
      <flyin fov="170" projection="9" tilt="-90" pan="0"/>
      <min fovpixel="2" tilt="-90" pan="0"/>
      <max fov="120" fovfisheye="360" tilt="90" pan="360" scaletofit="1" fovstereographic="270"/>
    </view>
    <userdata info="" source="" latitude="" author="" datetime="" customnodeid="" heading="0" title="" description="" copyright="" longitude="" tags="Pano Museum" nodeid="node7" comment=""/>
    <hotspots height="20" width="180" wordwrap="1">
      <label enabled="1" height="20" textcolor="0x000000" backgroundcolor="0xffffff" background="1" width="180" backgroundalpha="1" bordercolor="0x000000" textalpha="1" borderalpha="1" borderradius="1" wordwrap="1" border="1"/>
      <polystyle backgroundcolor="0x0000ff" backgroundalpha="0.25098" bordercolor="0x0000ff" handcursor="1" borderalpha="1" mode="0"/>
      <hotspot id="Point01" distance3D="10303.8" customimage="media/dir arrow.png" customimageheight="1080" fov="6" customimagewidth="1080" tilt="-17.14" url="{node9}" target="" use3D="1" pan="-109.17" title="" description="" skinid="ht_node"/>
      <hotspot id="Point02" distance3D="10303.8" customimage="media/dir arrow.png" customimageheight="1080" fov="6" customimagewidth="1080" tilt="-8.15" url="{node6}" target="" use3D="1" pan="-197.06" title="" description="" skinid="ht_node"/>
    </hotspots>
    <media/>
    <transition enabled="1" softedge="0" blendcolor="0x000000" type="crossdissolve" zoomoutpause="1" zoomfov="20" zoomspeed="2" blendtime="1" zoomafteroutfov="20" zoomout="0" zoomafterinfov="90" zoomin="0"/>
    <animation animsequence="Animation01" syncanimationwithvideo="0" useinautorotation="0"/>
    <control lockedkeyboard="0" invertcontrol="1" lockedkeyboardzoom="0" rubberband="0" hideabout="0" dblclickfullscreen="0" simulatemass="1" contextvr="1" contextprojections="0" invertwheel="0" lockedwheel="0" speedwheel="1" lockedmouse="0" sensitivity="8" contextfullscreen="1"/>
  </panorama>
  <panorama id="node6">
    <input height="1040" levelbias="0.400" leveltileurl="tiles/node6/cf_%c/l_%l/c_%x/tile_%y.jpg" levelingpitch="0" overlap="1" width="1040" levelingroll="0" leveltilesize="510" levelbiashidpi="1.000">
      <level height="1040" width="1040" predecode="0" preload="0"/>
      <level height="520" width="520" predecode="0" preload="0"/>
      <level height="260" width="260" predecode="1" preload="1"/>
      <preview color="0x808080" strip="1"/>
    </input>
    <view fovmode="0" pannorth="0">
      <start fov="70" projection="4" tilt="0" pan="0"/>
      <flyin fov="170" projection="9" tilt="-90" pan="0"/>
      <min fovpixel="2" tilt="-90" pan="0"/>
      <max fov="120" fovfisheye="360" tilt="90" pan="360" scaletofit="1" fovstereographic="270"/>
    </view>
    <userdata info="" source="" latitude="" author="" datetime="" customnodeid="" heading="0" title="" description="" copyright="" longitude="" tags="Pano Museum" nodeid="node6" comment=""/>
    <hotspots height="20" width="180" wordwrap="1">
      <label enabled="1" height="20" textcolor="0x000000" backgroundcolor="0xffffff" background="1" width="180" backgroundalpha="1" bordercolor="0x000000" textalpha="1" borderalpha="1" borderradius="1" wordwrap="1" border="1"/>
      <polystyle backgroundcolor="0x0000ff" backgroundalpha="0.25098" bordercolor="0x0000ff" handcursor="1" borderalpha="1" mode="0"/>
      <hotspot id="Point01" distance3D="10303.8" customimage="media/dir arrow.png" customimageheight="1080" fov="6" customimagewidth="1080" tilt="-9.7" url="{node7}" target="" use3D="1" pan="-15.07" title="" description="" skinid="ht_node"/>
      <hotspot id="Point02" distance3D="10303.8" customimage="media/dir arrow.png" customimageheight="1080" fov="6" customimagewidth="1080" tilt="-11.71" url="{node8}" target="" use3D="1" pan="-190.26" title="" description="" skinid="ht_node"/>
    </hotspots>
    <media/>
    <transition enabled="1" softedge="0" blendcolor="0x000000" type="crossdissolve" zoomoutpause="1" zoomfov="20" zoomspeed="2" blendtime="1" zoomafteroutfov="20" zoomout="0" zoomafterinfov="90" zoomin="0"/>
    <animation animsequence="Animation01" syncanimationwithvideo="0" useinautorotation="0"/>
    <control lockedkeyboard="0" invertcontrol="1" lockedkeyboardzoom="0" rubberband="0" hideabout="0" dblclickfullscreen="0" simulatemass="1" contextvr="1" contextprojections="0" invertwheel="0" lockedwheel="0" speedwheel="1" lockedmouse="0" sensitivity="8" contextfullscreen="1"/>
  </panorama>
  <panorama id="node8">
    <input height="1040" levelbias="0.400" leveltileurl="tiles/node8/cf_%c/l_%l/c_%x/tile_%y.jpg" levelingpitch="0" overlap="1" width="1040" levelingroll="0" leveltilesize="510" levelbiashidpi="1.000">
      <level height="1040" width="1040" predecode="0" preload="0"/>
      <level height="520" width="520" predecode="0" preload="0"/>
      <level height="260" width="260" predecode="1" preload="1"/>
      <preview color="0x808080" strip="1"/>
    </input>
    <view fovmode="0" pannorth="0">
      <start fov="70" projection="4" tilt="0" pan="0"/>
      <flyin fov="170" projection="9" tilt="-90" pan="0"/>
      <min fovpixel="2" tilt="-90" pan="0"/>
      <max fov="120" fovfisheye="360" tilt="90" pan="360" scaletofit="1" fovstereographic="270"/>
    </view>
    <userdata info="" source="" latitude="" author="" datetime="" customnodeid="" heading="0" title="" description="" copyright="" longitude="" tags="Pano Museum" nodeid="node8" comment=""/>
    <hotspots height="20" width="180" wordwrap="1">
      <label enabled="1" height="20" textcolor="0x000000" backgroundcolor="0xffffff" background="1" width="180" backgroundalpha="1" bordercolor="0x000000" textalpha="1" borderalpha="1" borderradius="1" wordwrap="1" border="1"/>
      <polystyle backgroundcolor="0x0000ff" backgroundalpha="0.25098" bordercolor="0x0000ff" handcursor="1" borderalpha="1" mode="0"/>
      <hotspot id="Point01" distance3D="10303.8" customimage="media/dir arrow.png" customimageheight="1080" fov="6" customimagewidth="1080" tilt="-11.14" url="{node6}" target="" use3D="1" pan="-12.43" title="" description="" skinid="ht_node"/>
      <hotspot id="Point02" distance3D="10303.8" customimage="media/dir arrow.png" customimageheight="1080" fov="6" customimagewidth="1080" tilt="-15.36" url="{node1}" target="" use3D="1" pan="-113" title="" description="" skinid="ht_node"/>
    </hotspots>
    <media/>
    <transition enabled="1" softedge="0" blendcolor="0x000000" type="crossdissolve" zoomoutpause="1" zoomfov="20" zoomspeed="2" blendtime="1" zoomafteroutfov="20" zoomout="0" zoomafterinfov="90" zoomin="0"/>
    <animation animsequence="Animation01" syncanimationwithvideo="0" useinautorotation="0"/>
    <control lockedkeyboard="0" invertcontrol="1" lockedkeyboardzoom="0" rubberband="0" hideabout="0" dblclickfullscreen="0" simulatemass="1" contextvr="1" contextprojections="0" invertwheel="0" lockedwheel="0" speedwheel="1" lockedmouse="0" sensitivity="8" contextfullscreen="1"/>
  </panorama>
  <masternode>
    <userdata info="" source="" latitude="" author="" datetime="" customnodeid="" heading="0" title="" description="" copyright="" longitude="" tags="" nodeid="master" comment=""/>
  </masternode>
</tour>
